{
  "anchors": [
    0.84,
    1.22,
    1.66,
    2.34,
    1.31,
    1.75,
    1.88,
    2.59,
    1.47,
    2.09
  ],
  "inputs": {
    "input0": [
      224,
      224,
      3
    ]
  },
  "outputs": {
    "output0": [
      7,
      7,
      65
    ]
  },
  "params_quantity": 1882961,
  "loss": [
    [
      1,
      1.83649
    ],
    [
      2,
      0.64475
    ],
    [
      3,
      0.30754
    ],
    [
      4,
      0.17596
    ],
    [
      5,
      0.12725
    ],
    [
      6,
      0.65374
    ],
    [
      7,
      0.23359
    ],
    [
      8,
      0.1438
    ],
    [
      9,
      0.11006
    ],
    [
      10,
      0.07397
    ],
    [
      11,
      0.05313
    ],
    [
      12,
      0.03648
    ],
    [
      13,
      0.0308
    ],
    [
      14,
      0.02989
    ],
    [
      15,
      0.02776
    ],
    [
      16,
      0.02697
    ],
    [
      17,
      0.02707
    ],
    [
      18,
      0.02581
    ],
    [
      19,
      0.02472
    ],
    [
      20,
      0.02185
    ],
    [
      21,
      0.01851
    ],
    [
      22,
      0.01595
    ],
    [
      23,
      0.01546
    ],
    [
      24,
      0.01589
    ],
    [
      25,
      0.01449
    ],
    [
      26,
      0.01293
    ],
    [
      27,
      0.0126
    ],
    [
      28,
      0.01193
    ],
    [
      29,
      0.011
    ],
    [
      30,
      0.01005
    ],
    [
      31,
      0.00937
    ],
    [
      32,
      0.0085
    ],
    [
      33,
      0.00763
    ],
    [
      34,
      0.00734
    ],
    [
      35,
      0.00714
    ],
    [
      36,
      0.00696
    ],
    [
      37,
      0.00662
    ],
    [
      38,
      0.007
    ],
    [
      39,
      0.00679
    ],
    [
      40,
      0.00669
    ],
    [
      41,
      0.00625
    ],
    [
      42,
      0.00613
    ],
    [
      43,
      0.00582
    ],
    [
      44,
      0.00561
    ],
    [
      45,
      0.00545
    ],
    [
      46,
      0.00557
    ],
    [
      47,
      0.00544
    ],
    [
      48,
      0.00529
    ],
    [
      49,
      0.0045
    ],
    [
      50,
      0.00429
    ],
    [
      51,
      0.00388
    ],
    [
      52,
      0.00355
    ],
    [
      53,
      0.00337
    ],
    [
      54,
      0.0034
    ],
    [
      55,
      0.00329
    ],
    [
      56,
      0.00332
    ],
    [
      57,
      0.00316
    ],
    [
      58,
      0.00297
    ],
    [
      59,
      0.00296
    ],
    [
      60,
      0.00288
    ],
    [
      61,
      0.00262
    ],
    [
      62,
      0.00281
    ],
    [
      63,
      0.00286
    ],
    [
      64,
      0.00257
    ],
    [
      65,
      0.00234
    ],
    [
      66,
      0.0026
    ],
    [
      67,
      0.00251
    ],
    [
      68,
      0.00233
    ],
    [
      69,
      0.00225
    ],
    [
      70,
      0.00209
    ],
    [
      71,
      0.00212
    ],
    [
      72,
      0.00206
    ],
    [
      73,
      0.00212
    ],
    [
      74,
      0.00204
    ],
    [
      75,
      0.00188
    ],
    [
      76,
      0.00211
    ],
    [
      77,
      0.00186
    ],
    [
      78,
      0.00195
    ],
    [
      79,
      0.00193
    ],
    [
      80,
      0.00182
    ],
    [
      81,
      0.00173
    ],
    [
      82,
      0.0019
    ],
    [
      83,
      0.00175
    ],
    [
      84,
      0.00178
    ],
    [
      85,
      0.00169
    ],
    [
      86,
      0.00161
    ],
    [
      87,
      0.00169
    ],
    [
      88,
      0.00158
    ],
    [
      89,
      0.00152
    ],
    [
      90,
      0.00152
    ],
    [
      91,
      0.00142
    ],
    [
      92,
      0.00141
    ],
    [
      93,
      0.00148
    ],
    [
      94,
      0.00144
    ],
    [
      95,
      0.00136
    ],
    [
      96,
      0.00133
    ],
    [
      97,
      0.0015
    ],
    [
      98,
      0.00143
    ],
    [
      99,
      0.00139
    ],
    [
      100,
      0.00134
    ]
  ],
  "acc": [
    [
      1,
      0.17954
    ],
    [
      2,
      0.39864
    ],
    [
      3,
      0.43043
    ],
    [
      4,
      0.41651
    ],
    [
      5,
      0.43002
    ],
    [
      6,
      0.27512
    ],
    [
      7,
      0.23563
    ],
    [
      8,
      0.20545
    ],
    [
      9,
      0.19982
    ],
    [
      10,
      0.21765
    ],
    [
      11,
      0.2131
    ],
    [
      12,
      0.21085
    ],
    [
      13,
      0.21115
    ],
    [
      14,
      0.20912
    ],
    [
      15,
      0.21018
    ],
    [
      16,
      0.21023
    ],
    [
      17,
      0.21076
    ],
    [
      18,
      0.21342
    ],
    [
      19,
      0.21147
    ],
    [
      20,
      0.21225
    ],
    [
      21,
      0.2138
    ],
    [
      22,
      0.21478
    ],
    [
      23,
      0.21593
    ],
    [
      24,
      0.21638
    ],
    [
      25,
      0.21752
    ],
    [
      26,
      0.21974
    ],
    [
      27,
      0.22116
    ],
    [
      28,
      0.22189
    ],
    [
      29,
      0.22458
    ],
    [
      30,
      0.22381
    ],
    [
      31,
      0.2257
    ],
    [
      32,
      0.22686
    ],
    [
      33,
      0.22805
    ],
    [
      34,
      0.22841
    ],
    [
      35,
      0.22788
    ],
    [
      36,
      0.22495
    ],
    [
      37,
      0.22666
    ],
    [
      38,
      0.23061
    ],
    [
      39,
      0.22597
    ],
    [
      40,
      0.22936
    ],
    [
      41,
      0.22977
    ],
    [
      42,
      0.22999
    ],
    [
      43,
      0.22984
    ],
    [
      44,
      0.22966
    ],
    [
      45,
      0.2314
    ],
    [
      46,
      0.23036
    ],
    [
      47,
      0.23277
    ],
    [
      48,
      0.23481
    ],
    [
      49,
      0.23318
    ],
    [
      50,
      0.23383
    ],
    [
      51,
      0.23444
    ],
    [
      52,
      0.2314
    ],
    [
      53,
      0.2293
    ],
    [
      54,
      0.23008
    ],
    [
      55,
      0.23161
    ],
    [
      56,
      0.23351
    ],
    [
      57,
      0.23199
    ],
    [
      58,
      0.23383
    ],
    [
      59,
      0.23334
    ],
    [
      60,
      0.23174
    ],
    [
      61,
      0.2318
    ],
    [
      62,
      0.23178
    ],
    [
      63,
      0.23155
    ],
    [
      64,
      0.23098
    ],
    [
      65,
      0.23215
    ],
    [
      66,
      0.23213
    ],
    [
      67,
      0.23204
    ],
    [
      68,
      0.23104
    ],
    [
      69,
      0.23138
    ],
    [
      70,
      0.23236
    ],
    [
      71,
      0.23184
    ],
    [
      72,
      0.23137
    ],
    [
      73,
      0.23118
    ],
    [
      74,
      0.23023
    ],
    [
      75,
      0.23006
    ],
    [
      76,
      0.22959
    ],
    [
      77,
      0.23
    ],
    [
      78,
      0.22905
    ],
    [
      79,
      0.23
    ],
    [
      80,
      0.22911
    ],
    [
      81,
      0.2296
    ],
    [
      82,
      0.23011
    ],
    [
      83,
      0.2294
    ],
    [
      84,
      0.23145
    ],
    [
      85,
      0.23063
    ],
    [
      86,
      0.23
    ],
    [
      87,
      0.23153
    ],
    [
      88,
      0.23109
    ],
    [
      89,
      0.2297
    ],
    [
      90,
      0.23035
    ],
    [
      91,
      0.23111
    ],
    [
      92,
      0.2301
    ],
    [
      93,
      0.23036
    ],
    [
      94,
      0.23065
    ],
    [
      95,
      0.23035
    ],
    [
      96,
      0.23138
    ],
    [
      97,
      0.23022
    ],
    [
      98,
      0.23091
    ],
    [
      99,
      0.23176
    ],
    [
      100,
      0.23066
    ]
  ],
  "lr": [
    [
      1,
      0.001
    ],
    [
      2,
      0.00098
    ],
    [
      3,
      0.00095
    ],
    [
      4,
      0.00093
    ],
    [
      5,
      0.00091
    ],
    [
      6,
      0.00089
    ],
    [
      7,
      0.00087
    ],
    [
      8,
      0.00085
    ],
    [
      9,
      0.00083
    ],
    [
      10,
      0.00081
    ],
    [
      11,
      0.00079
    ],
    [
      12,
      0.00078
    ],
    [
      13,
      0.00076
    ],
    [
      14,
      0.00074
    ],
    [
      15,
      0.00072
    ],
    [
      16,
      0.00071
    ],
    [
      17,
      0.00069
    ],
    [
      18,
      0.00068
    ],
    [
      19,
      0.00066
    ],
    [
      20,
      0.00065
    ],
    [
      21,
      0.00063
    ],
    [
      22,
      0.00062
    ],
    [
      23,
      0.0006
    ],
    [
      24,
      0.00059
    ],
    [
      25,
      0.00058
    ],
    [
      26,
      0.00056
    ],
    [
      27,
      0.00055
    ],
    [
      28,
      0.00054
    ],
    [
      29,
      0.00052
    ],
    [
      30,
      0.00051
    ],
    [
      31,
      0.0005
    ],
    [
      32,
      0.00049
    ],
    [
      33,
      0.00048
    ],
    [
      34,
      0.00047
    ],
    [
      35,
      0.00046
    ],
    [
      36,
      0.00045
    ],
    [
      37,
      0.00044
    ],
    [
      38,
      0.00043
    ],
    [
      39,
      0.00042
    ],
    [
      40,
      0.00041
    ],
    [
      41,
      0.0004
    ],
    [
      42,
      0.00039
    ],
    [
      43,
      0.00038
    ],
    [
      44,
      0.00037
    ],
    [
      45,
      0.00036
    ],
    [
      46,
      0.00035
    ],
    [
      47,
      0.00035
    ],
    [
      48,
      0.00034
    ],
    [
      49,
      0.00033
    ],
    [
      50,
      0.00032
    ],
    [
      51,
      0.00032
    ],
    [
      52,
      0.00031
    ],
    [
      53,
      0.0003
    ],
    [
      54,
      0.0003
    ],
    [
      55,
      0.00029
    ],
    [
      56,
      0.00028
    ],
    [
      57,
      0.00028
    ],
    [
      58,
      0.00027
    ],
    [
      59,
      0.00026
    ],
    [
      60,
      0.00026
    ],
    [
      61,
      0.00025
    ],
    [
      62,
      0.00025
    ],
    [
      63,
      0.00024
    ],
    [
      64,
      0.00023
    ],
    [
      65,
      0.00023
    ],
    [
      66,
      0.00022
    ],
    [
      67,
      0.00022
    ],
    [
      68,
      0.00021
    ],
    [
      69,
      0.00021
    ],
    [
      70,
      0.0002
    ],
    [
      71,
      0.0002
    ],
    [
      72,
      0.00019
    ],
    [
      73,
      0.00019
    ],
    [
      74,
      0.00019
    ],
    [
      75,
      0.00018
    ],
    [
      76,
      0.00018
    ],
    [
      77,
      0.00017
    ],
    [
      78,
      0.00017
    ],
    [
      79,
      0.00017
    ],
    [
      80,
      0.00016
    ],
    [
      81,
      0.00016
    ],
    [
      82,
      0.00015
    ],
    [
      83,
      0.00015
    ],
    [
      84,
      0.00015
    ],
    [
      85,
      0.00014
    ],
    [
      86,
      0.00014
    ],
    [
      87,
      0.00014
    ],
    [
      88,
      0.00013
    ],
    [
      89,
      0.00013
    ],
    [
      90,
      0.00013
    ],
    [
      91,
      0.00013
    ],
    [
      92,
      0.00012
    ],
    [
      93,
      0.00012
    ],
    [
      94,
      0.00012
    ],
    [
      95,
      0.00011
    ],
    [
      96,
      0.00011
    ],
    [
      97,
      0.00011
    ],
    [
      98,
      0.00011
    ],
    [
      99,
      0.0001
    ],
    [
      100,
      0.0001
    ]
  ],
  "val_acc": [
    [
      10,
      0.0
    ],
    [
      20,
      0.22917
    ],
    [
      30,
      0.73636
    ],
    [
      40,
      0.75
    ],
    [
      50,
      0.80328
    ],
    [
      60,
      0.87273
    ],
    [
      70,
      0.93182
    ],
    [
      80,
      0.93182
    ],
    [
      90,
      0.93182
    ],
    [
      100,
      0.93182
    ]
  ],
  "AP_数字1": [
    [
      10,
      0.0
    ],
    [
      20,
      0.54545
    ],
    [
      30,
      0.81818
    ],
    [
      40,
      0.72727
    ],
    [
      50,
      0.81818
    ],
    [
      60,
      0.81818
    ],
    [
      70,
      0.81818
    ],
    [
      80,
      0.81818
    ],
    [
      90,
      0.81818
    ],
    [
      100,
      0.81818
    ]
  ],
  "AP_数字2": [
    [
      10,
      0.0
    ],
    [
      20,
      0.0
    ],
    [
      30,
      0.81818
    ],
    [
      40,
      0.81818
    ],
    [
      50,
      0.81818
    ],
    [
      60,
      0.81818
    ],
    [
      70,
      1.0
    ],
    [
      80,
      1.0
    ],
    [
      90,
      1.0
    ],
    [
      100,
      1.0
    ]
  ],
  "AP_数字3": [
    [
      10,
      0.0
    ],
    [
      20,
      0.0
    ],
    [
      30,
      0.72727
    ],
    [
      40,
      0.81818
    ],
    [
      50,
      0.81818
    ],
    [
      60,
      1.0
    ],
    [
      70,
      1.0
    ],
    [
      80,
      1.0
    ],
    [
      90,
      1.0
    ],
    [
      100,
      1.0
    ]
  ],
  "AP_数字4": [
    [
      10,
      0.0
    ],
    [
      20,
      0.65152
    ],
    [
      30,
      0.72727
    ],
    [
      40,
      0.81818
    ],
    [
      50,
      0.81818
    ],
    [
      60,
      0.81818
    ],
    [
      70,
      0.81818
    ],
    [
      80,
      0.81818
    ],
    [
      90,
      0.81818
    ],
    [
      100,
      0.81818
    ]
  ],
  "AP_数字5": [
    [
      10,
      0.0
    ],
    [
      20,
      0.18182
    ],
    [
      30,
      0.81818
    ],
    [
      40,
      0.81818
    ],
    [
      50,
      1.0
    ],
    [
      60,
      1.0
    ],
    [
      70,
      1.0
    ],
    [
      80,
      1.0
    ],
    [
      90,
      1.0
    ],
    [
      100,
      1.0
    ]
  ],
  "AP_数字6": [
    [
      10,
      0.0
    ],
    [
      20,
      0.0
    ],
    [
      30,
      0.72727
    ],
    [
      40,
      0.72727
    ],
    [
      50,
      0.72727
    ],
    [
      60,
      1.0
    ],
    [
      70,
      1.0
    ],
    [
      80,
      1.0
    ],
    [
      90,
      1.0
    ],
    [
      100,
      1.0
    ]
  ],
  "AP_数字7": [
    [
      10,
      0.0
    ],
    [
      20,
      0.45455
    ],
    [
      30,
      0.52727
    ],
    [
      40,
      0.54545
    ],
    [
      50,
      0.54545
    ],
    [
      60,
      0.52727
    ],
    [
      70,
      0.81818
    ],
    [
      80,
      0.81818
    ],
    [
      90,
      0.81818
    ],
    [
      100,
      0.81818
    ]
  ],
  "AP_数字8": [
    [
      10,
      0.0
    ],
    [
      20,
      0.0
    ],
    [
      30,
      0.72727
    ],
    [
      40,
      0.72727
    ],
    [
      50,
      0.88081
    ],
    [
      60,
      1.0
    ],
    [
      70,
      1.0
    ],
    [
      80,
      1.0
    ],
    [
      90,
      1.0
    ],
    [
      100,
      1.0
    ]
  ],
  "mean": 123.5,
  "std": 58.395,
  "label_type": "detection",
  "data_type": "image",
  "labels": [
    "数字1",
    "数字2",
    "数字3",
    "数字4",
    "数字5",
    "数字6",
    "数字7",
    "数字8"
  ],
  "best_eval": {
    "epoch": 100,
    "val_acc": 0.932,
    "val_info": [
      {
        "name": "33b2da44dc94460db5e5abecb209b1aa.jpg",
        "nickname": "数字组合-5.jpg",
        "pred": [
          [
            162,
            55,
            210,
            131,
            0.8914910554885864,
            0.0
          ],
          [
            34,
            41,
            90,
            117,
            0.804968535900116,
            2.0
          ],
          [
            167,
            228,
            215,
            304,
            0.867440402507782,
            4.0
          ],
          [
            15,
            235,
            76,
            309,
            0.730911135673523,
            5.0
          ]
        ],
        "gt": [
          [
            163,
            52,
            215,
            134,
            1.0,
            0.0
          ],
          [
            37,
            30,
            92,
            108,
            1.0,
            2.0
          ],
          [
            172,
            221,
            228,
            305,
            1.0,
            4.0
          ],
          [
            14,
            234,
            70,
            312,
            1.0,
            5.0
          ]
        ],
        "ok": true
      },
      {
        "name": "43a211c4c0994c299629c1343c46164c.jpg",
        "nickname": "数字组合-10.jpg",
        "pred": [
          [
            135,
            79,
            191,
            152,
            0.8596068620681763,
            1.0
          ],
          [
            22,
            230,
            70,
            304,
            0.7256810665130615,
            5.0
          ],
          [
            166,
            208,
            216,
            281,
            0.5849011540412903,
            6.0
          ]
        ],
        "gt": [
          [
            131,
            71,
            183,
            145,
            1.0,
            1.0
          ],
          [
            14,
            48,
            68,
            123,
            1.0,
            3.0
          ],
          [
            16,
            236,
            66,
            316,
            1.0,
            5.0
          ],
          [
            159,
            189,
            211,
            267,
            1.0,
            6.0
          ]
        ],
        "ok": true
      },
      {
        "name": "3da2ad9240904ddbb8491cbc949a3acd.jpg",
        "nickname": "数字8-9.jpg",
        "pred": [
          [
            116,
            100,
            200,
            225,
            0.5845292210578918,
            7.0
          ]
        ],
        "gt": [
          [
            107,
            102,
            185,
            214,
            1.0,
            7.0
          ]
        ],
        "ok": true
      },
      {
        "name": "6e418f8b7dc741998f0fc1d700f0f31c.jpg",
        "nickname": "2.jpg",
        "pred": [
          [
            110,
            83,
            190,
            216,
            0.6446040868759155,
            0.0
          ]
        ],
        "gt": [
          [
            102,
            95,
            167,
            191,
            1.0,
            0.0
          ]
        ],
        "ok": false
      },
      {
        "name": "b551a951fb0c4638af860ed750a5f4c9.jpg",
        "nickname": "数字7-23.jpg",
        "pred": [],
        "gt": [
          [
            40,
            100,
            142,
            251,
            1.0,
            6.0
          ]
        ],
        "ok": false
      }
    ]
  }
}