{
  "anchors": [
    2.5,
    2.0,
    1.56,
    2.37,
    1.22,
    0.88,
    2.19,
    3.47,
    1.56,
    1.38
  ],
  "inputs": {
    "input0": [
      224,
      224,
      3
    ]
  },
  "outputs": {
    "output0": [
      7,
      7,
      65
    ]
  },
  "params_quantity": 1882961,
  "loss": [
    [
      1,
      1.12445
    ],
    [
      2,
      0.37396
    ],
    [
      3,
      0.27331
    ],
    [
      4,
      0.21422
    ],
    [
      5,
      0.18297
    ],
    [
      6,
      0.77625
    ],
    [
      7,
      0.22405
    ],
    [
      8,
      0.11886
    ],
    [
      9,
      0.08114
    ],
    [
      10,
      0.06542
    ],
    [
      11,
      0.0572
    ],
    [
      12,
      0.04773
    ],
    [
      13,
      0.04087
    ],
    [
      14,
      0.04092
    ],
    [
      15,
      0.03726
    ],
    [
      16,
      0.03286
    ],
    [
      17,
      0.03079
    ],
    [
      18,
      0.02812
    ],
    [
      19,
      0.02781
    ],
    [
      20,
      0.0268
    ],
    [
      21,
      0.02633
    ],
    [
      22,
      0.02435
    ],
    [
      23,
      0.02399
    ],
    [
      24,
      0.02284
    ],
    [
      25,
      0.02232
    ],
    [
      26,
      0.02231
    ],
    [
      27,
      0.02117
    ],
    [
      28,
      0.02224
    ],
    [
      29,
      0.0214
    ],
    [
      30,
      0.02058
    ],
    [
      31,
      0.02005
    ],
    [
      32,
      0.02023
    ],
    [
      33,
      0.01894
    ],
    [
      34,
      0.01801
    ],
    [
      35,
      0.01851
    ],
    [
      36,
      0.01888
    ],
    [
      37,
      0.01837
    ],
    [
      38,
      0.01671
    ],
    [
      39,
      0.0168
    ],
    [
      40,
      0.01541
    ],
    [
      41,
      0.01517
    ],
    [
      42,
      0.0145
    ],
    [
      43,
      0.01407
    ],
    [
      44,
      0.01366
    ],
    [
      45,
      0.0138
    ],
    [
      46,
      0.01368
    ],
    [
      47,
      0.01449
    ],
    [
      48,
      0.01373
    ],
    [
      49,
      0.01363
    ],
    [
      50,
      0.01523
    ],
    [
      51,
      0.01491
    ],
    [
      52,
      0.01312
    ],
    [
      53,
      0.01311
    ],
    [
      54,
      0.01234
    ],
    [
      55,
      0.0126
    ],
    [
      56,
      0.0122
    ],
    [
      57,
      0.0123
    ],
    [
      58,
      0.01187
    ],
    [
      59,
      0.0123
    ],
    [
      60,
      0.01289
    ],
    [
      61,
      0.01238
    ],
    [
      62,
      0.01245
    ],
    [
      63,
      0.01207
    ],
    [
      64,
      0.01146
    ],
    [
      65,
      0.01115
    ],
    [
      66,
      0.011
    ],
    [
      67,
      0.01152
    ],
    [
      68,
      0.01114
    ],
    [
      69,
      0.01104
    ],
    [
      70,
      0.0109
    ],
    [
      71,
      0.01093
    ],
    [
      72,
      0.01054
    ],
    [
      73,
      0.01075
    ],
    [
      74,
      0.01076
    ],
    [
      75,
      0.01023
    ],
    [
      76,
      0.00996
    ],
    [
      77,
      0.01046
    ],
    [
      78,
      0.01015
    ],
    [
      79,
      0.01001
    ],
    [
      80,
      0.01006
    ],
    [
      81,
      0.01009
    ],
    [
      82,
      0.0099
    ],
    [
      83,
      0.01009
    ],
    [
      84,
      0.00985
    ],
    [
      85,
      0.00952
    ],
    [
      86,
      0.00959
    ],
    [
      87,
      0.00979
    ],
    [
      88,
      0.00991
    ],
    [
      89,
      0.01102
    ],
    [
      90,
      0.01356
    ],
    [
      91,
      0.01122
    ],
    [
      92,
      0.0106
    ],
    [
      93,
      0.01013
    ],
    [
      94,
      0.01002
    ],
    [
      95,
      0.00954
    ],
    [
      96,
      0.00972
    ],
    [
      97,
      0.00937
    ],
    [
      98,
      0.00948
    ],
    [
      99,
      0.00972
    ],
    [
      100,
      0.00927
    ]
  ],
  "acc": [
    [
      1,
      0.3182
    ],
    [
      2,
      0.37805
    ],
    [
      3,
      0.35554
    ],
    [
      4,
      0.35791
    ],
    [
      5,
      0.37009
    ],
    [
      6,
      0.42719
    ],
    [
      7,
      0.36207
    ],
    [
      8,
      0.32681
    ],
    [
      9,
      0.31717
    ],
    [
      10,
      0.31975
    ],
    [
      11,
      0.30822
    ],
    [
      12,
      0.31057
    ],
    [
      13,
      0.3061
    ],
    [
      14,
      0.30978
    ],
    [
      15,
      0.30854
    ],
    [
      16,
      0.31076
    ],
    [
      17,
      0.31728
    ],
    [
      18,
      0.3123
    ],
    [
      19,
      0.31263
    ],
    [
      20,
      0.31283
    ],
    [
      21,
      0.31312
    ],
    [
      22,
      0.31196
    ],
    [
      23,
      0.31124
    ],
    [
      24,
      0.31665
    ],
    [
      25,
      0.31719
    ],
    [
      26,
      0.31888
    ],
    [
      27,
      0.31762
    ],
    [
      28,
      0.31788
    ],
    [
      29,
      0.31827
    ],
    [
      30,
      0.31714
    ],
    [
      31,
      0.31692
    ],
    [
      32,
      0.31978
    ],
    [
      33,
      0.32212
    ],
    [
      34,
      0.32084
    ],
    [
      35,
      0.3194
    ],
    [
      36,
      0.31944
    ],
    [
      37,
      0.31713
    ],
    [
      38,
      0.31501
    ],
    [
      39,
      0.31936
    ],
    [
      40,
      0.31711
    ],
    [
      41,
      0.31931
    ],
    [
      42,
      0.31672
    ],
    [
      43,
      0.31952
    ],
    [
      44,
      0.31704
    ],
    [
      45,
      0.31808
    ],
    [
      46,
      0.31989
    ],
    [
      47,
      0.31843
    ],
    [
      48,
      0.31725
    ],
    [
      49,
      0.31654
    ],
    [
      50,
      0.31928
    ],
    [
      51,
      0.31711
    ],
    [
      52,
      0.31512
    ],
    [
      53,
      0.31314
    ],
    [
      54,
      0.31265
    ],
    [
      55,
      0.31558
    ],
    [
      56,
      0.31389
    ],
    [
      57,
      0.31505
    ],
    [
      58,
      0.31615
    ],
    [
      59,
      0.31602
    ],
    [
      60,
      0.31544
    ],
    [
      61,
      0.31488
    ],
    [
      62,
      0.31545
    ],
    [
      63,
      0.31558
    ],
    [
      64,
      0.31636
    ],
    [
      65,
      0.31441
    ],
    [
      66,
      0.31507
    ],
    [
      67,
      0.31589
    ],
    [
      68,
      0.31644
    ],
    [
      69,
      0.31702
    ],
    [
      70,
      0.31604
    ],
    [
      71,
      0.31486
    ],
    [
      72,
      0.3151
    ],
    [
      73,
      0.31441
    ],
    [
      74,
      0.31614
    ],
    [
      75,
      0.31511
    ],
    [
      76,
      0.31715
    ],
    [
      77,
      0.31849
    ],
    [
      78,
      0.31737
    ],
    [
      79,
      0.31667
    ],
    [
      80,
      0.31638
    ],
    [
      81,
      0.31579
    ],
    [
      82,
      0.31646
    ],
    [
      83,
      0.3149
    ],
    [
      84,
      0.31513
    ],
    [
      85,
      0.31496
    ],
    [
      86,
      0.31685
    ],
    [
      87,
      0.31547
    ],
    [
      88,
      0.3151
    ],
    [
      89,
      0.31626
    ],
    [
      90,
      0.31887
    ],
    [
      91,
      0.31699
    ],
    [
      92,
      0.31671
    ],
    [
      93,
      0.31799
    ],
    [
      94,
      0.31542
    ],
    [
      95,
      0.31859
    ],
    [
      96,
      0.31675
    ],
    [
      97,
      0.31598
    ],
    [
      98,
      0.31742
    ],
    [
      99,
      0.31596
    ],
    [
      100,
      0.31443
    ]
  ],
  "lr": [
    [
      1,
      0.001
    ],
    [
      2,
      0.00098
    ],
    [
      3,
      0.00095
    ],
    [
      4,
      0.00093
    ],
    [
      5,
      0.00091
    ],
    [
      6,
      0.00089
    ],
    [
      7,
      0.00087
    ],
    [
      8,
      0.00085
    ],
    [
      9,
      0.00083
    ],
    [
      10,
      0.00081
    ],
    [
      11,
      0.00079
    ],
    [
      12,
      0.00078
    ],
    [
      13,
      0.00076
    ],
    [
      14,
      0.00074
    ],
    [
      15,
      0.00072
    ],
    [
      16,
      0.00071
    ],
    [
      17,
      0.00069
    ],
    [
      18,
      0.00068
    ],
    [
      19,
      0.00066
    ],
    [
      20,
      0.00065
    ],
    [
      21,
      0.00063
    ],
    [
      22,
      0.00062
    ],
    [
      23,
      0.0006
    ],
    [
      24,
      0.00059
    ],
    [
      25,
      0.00058
    ],
    [
      26,
      0.00056
    ],
    [
      27,
      0.00055
    ],
    [
      28,
      0.00054
    ],
    [
      29,
      0.00052
    ],
    [
      30,
      0.00051
    ],
    [
      31,
      0.0005
    ],
    [
      32,
      0.00049
    ],
    [
      33,
      0.00048
    ],
    [
      34,
      0.00047
    ],
    [
      35,
      0.00046
    ],
    [
      36,
      0.00045
    ],
    [
      37,
      0.00044
    ],
    [
      38,
      0.00043
    ],
    [
      39,
      0.00042
    ],
    [
      40,
      0.00041
    ],
    [
      41,
      0.0004
    ],
    [
      42,
      0.00039
    ],
    [
      43,
      0.00038
    ],
    [
      44,
      0.00037
    ],
    [
      45,
      0.00036
    ],
    [
      46,
      0.00035
    ],
    [
      47,
      0.00035
    ],
    [
      48,
      0.00034
    ],
    [
      49,
      0.00033
    ],
    [
      50,
      0.00032
    ],
    [
      51,
      0.00032
    ],
    [
      52,
      0.00031
    ],
    [
      53,
      0.0003
    ],
    [
      54,
      0.0003
    ],
    [
      55,
      0.00029
    ],
    [
      56,
      0.00028
    ],
    [
      57,
      0.00028
    ],
    [
      58,
      0.00027
    ],
    [
      59,
      0.00026
    ],
    [
      60,
      0.00026
    ],
    [
      61,
      0.00025
    ],
    [
      62,
      0.00025
    ],
    [
      63,
      0.00024
    ],
    [
      64,
      0.00023
    ],
    [
      65,
      0.00023
    ],
    [
      66,
      0.00022
    ],
    [
      67,
      0.00022
    ],
    [
      68,
      0.00021
    ],
    [
      69,
      0.00021
    ],
    [
      70,
      0.0002
    ],
    [
      71,
      0.0002
    ],
    [
      72,
      0.00019
    ],
    [
      73,
      0.00019
    ],
    [
      74,
      0.00019
    ],
    [
      75,
      0.00018
    ],
    [
      76,
      0.00018
    ],
    [
      77,
      0.00017
    ],
    [
      78,
      0.00017
    ],
    [
      79,
      0.00017
    ],
    [
      80,
      0.00016
    ],
    [
      81,
      0.00016
    ],
    [
      82,
      0.00015
    ],
    [
      83,
      0.00015
    ],
    [
      84,
      0.00015
    ],
    [
      85,
      0.00014
    ],
    [
      86,
      0.00014
    ],
    [
      87,
      0.00014
    ],
    [
      88,
      0.00013
    ],
    [
      89,
      0.00013
    ],
    [
      90,
      0.00013
    ],
    [
      91,
      0.00013
    ],
    [
      92,
      0.00012
    ],
    [
      93,
      0.00012
    ],
    [
      94,
      0.00012
    ],
    [
      95,
      0.00011
    ],
    [
      96,
      0.00011
    ],
    [
      97,
      0.00011
    ],
    [
      98,
      0.00011
    ],
    [
      99,
      0.0001
    ],
    [
      100,
      0.0001
    ]
  ],
  "val_acc": [
    [
      10,
      0.45123
    ],
    [
      20,
      0.8333
    ],
    [
      30,
      0.92951
    ],
    [
      40,
      0.95668
    ],
    [
      50,
      0.9321
    ],
    [
      60,
      0.94148
    ],
    [
      70,
      0.94775
    ],
    [
      80,
      0.94392
    ],
    [
      90,
      0.94392
    ],
    [
      100,
      0.93593
    ]
  ],
  "AP_four": [
    [
      10,
      0.34711
    ],
    [
      20,
      0.81818
    ],
    [
      30,
      0.90909
    ],
    [
      40,
      0.90909
    ],
    [
      50,
      0.90909
    ],
    [
      60,
      0.8951
    ],
    [
      70,
      0.90909
    ],
    [
      80,
      0.90909
    ],
    [
      90,
      0.90909
    ],
    [
      100,
      0.90909
    ]
  ],
  "AP_three": [
    [
      10,
      0.52121
    ],
    [
      20,
      0.7972
    ],
    [
      30,
      0.88636
    ],
    [
      40,
      0.88636
    ],
    [
      50,
      0.88636
    ],
    [
      60,
      0.88636
    ],
    [
      70,
      0.88636
    ],
    [
      80,
      0.88636
    ],
    [
      90,
      0.88636
    ],
    [
      100,
      0.88636
    ]
  ],
  "AP_five": [
    [
      10,
      0.52941
    ],
    [
      20,
      0.90909
    ],
    [
      30,
      0.98052
    ],
    [
      40,
      0.98052
    ],
    [
      50,
      1.0
    ],
    [
      60,
      1.0
    ],
    [
      70,
      1.0
    ],
    [
      80,
      1.0
    ],
    [
      90,
      1.0
    ],
    [
      100,
      1.0
    ]
  ],
  "AP_six": [
    [
      10,
      0.54545
    ],
    [
      20,
      0.90909
    ],
    [
      30,
      1.0
    ],
    [
      40,
      1.0
    ],
    [
      50,
      1.0
    ],
    [
      60,
      1.0
    ],
    [
      70,
      1.0
    ],
    [
      80,
      1.0
    ],
    [
      90,
      1.0
    ],
    [
      100,
      1.0
    ]
  ],
  "AP_seven": [
    [
      10,
      0.30303
    ],
    [
      20,
      0.7783
    ],
    [
      30,
      0.87351
    ],
    [
      40,
      1.0
    ],
    [
      50,
      0.90545
    ],
    [
      60,
      1.0
    ],
    [
      70,
      0.90909
    ],
    [
      80,
      1.0
    ],
    [
      90,
      1.0
    ],
    [
      100,
      0.90545
    ]
  ],
  "AP_two": [
    [
      10,
      0.45455
    ],
    [
      20,
      0.81818
    ],
    [
      30,
      1.0
    ],
    [
      40,
      1.0
    ],
    [
      50,
      1.0
    ],
    [
      60,
      1.0
    ],
    [
      70,
      1.0
    ],
    [
      80,
      1.0
    ],
    [
      90,
      1.0
    ],
    [
      100,
      1.0
    ]
  ],
  "AP_one": [
    [
      10,
      0.27273
    ],
    [
      20,
      0.72727
    ],
    [
      30,
      0.87747
    ],
    [
      40,
      0.87747
    ],
    [
      50,
      0.84684
    ],
    [
      60,
      0.75035
    ],
    [
      70,
      0.87747
    ],
    [
      80,
      0.84684
    ],
    [
      90,
      0.84684
    ],
    [
      100,
      0.87747
    ]
  ],
  "AP_eight": [
    [
      10,
      0.63636
    ],
    [
      20,
      0.90909
    ],
    [
      30,
      0.90909
    ],
    [
      40,
      1.0
    ],
    [
      50,
      0.90909
    ],
    [
      60,
      1.0
    ],
    [
      70,
      1.0
    ],
    [
      80,
      0.90909
    ],
    [
      90,
      0.90909
    ],
    [
      100,
      0.90909
    ]
  ],
  "mean": 123.5,
  "std": 58.395,
  "label_type": "detection",
  "data_type": "image",
  "labels": [
    "four",
    "three",
    "five",
    "six",
    "seven",
    "two",
    "one",
    "eight"
  ],
  "best_eval": {
    "epoch": 40,
    "val_acc": 0.957,
    "val_info": [
      {
        "name": "ce3b3795901446f8be7065d3f71ae9a6.jpg",
        "nickname": "number4_88.jpg",
        "pred": [
          [
            10,
            87,
            48,
            115,
            0.7532501220703125,
            0.0
          ],
          [
            60,
            93,
            93,
            116,
            0.8208115696907043,
            1.0
          ],
          [
            89,
            92,
            125,
            117,
            0.572178065776825,
            2.0
          ],
          [
            115,
            93,
            150,
            119,
            0.8506476283073425,
            2.0
          ],
          [
            156,
            96,
            187,
            117,
            0.9317342638969421,
            4.0
          ]
        ],
        "gt": [
          [
            1,
            91,
            60,
            117,
            1.0,
            0.0
          ],
          [
            60,
            88,
            95,
            119,
            1.0,
            1.0
          ],
          [
            117,
            94,
            153,
            119,
            1.0,
            2.0
          ],
          [
            156,
            95,
            194,
            123,
            1.0,
            4.0
          ]
        ],
        "ok": true
      },
      {
        "name": "9017e7d3d5274b8da7f57738f4d187e4.jpg",
        "nickname": "173.jpg",
        "pred": [
          [
            78,
            52,
            124,
            129,
            0.8591691851615906,
            2.0
          ],
          [
            144,
            38,
            187,
            107,
            0.9419643878936768,
            3.0
          ],
          [
            92,
            133,
            147,
            211,
            0.8538426756858826,
            4.0
          ],
          [
            156,
            117,
            211,
            189,
            0.5135288238525391,
            7.0
          ]
        ],
        "gt": [
          [
            71,
            50,
            121,
            130,
            1.0,
            2.0
          ],
          [
            144,
            34,
            188,
            111,
            1.0,
            3.0
          ],
          [
            103,
            139,
            146,
            217,
            1.0,
            4.0
          ],
          [
            168,
            133,
            214,
            196,
            1.0,
            7.0
          ]
        ],
        "ok": true
      },
      {
        "name": "e745e49f2f5d44cba1ded09e08e0be74.jpg",
        "nickname": "187.jpg",
        "pred": [
          [
            102,
            148,
            167,
            225,
            0.8842693567276001,
            0.0
          ],
          [
            22,
            155,
            80,
            226,
            0.7457183003425598,
            1.0
          ],
          [
            90,
            37,
            160,
            129,
            0.9124681949615479,
            5.0
          ],
          [
            13,
            49,
            73,
            132,
            0.9025281667709351,
            6.0
          ]
        ],
        "gt": [
          [
            104,
            152,
            180,
            223,
            1.0,
            0.0
          ],
          [
            20,
            153,
            83,
            223,
            1.0,
            1.0
          ],
          [
            95,
            38,
            149,
            128,
            1.0,
            5.0
          ],
          [
            17,
            43,
            79,
            126,
            1.0,
            6.0
          ]
        ],
        "ok": true
      },
      {
        "name": "0fbc8490b1134bdb945c60769dfbd06f.jpg",
        "nickname": "number_84.jpg",
        "pred": [
          [
            116,
            111,
            145,
            138,
            0.6323539614677429,
            4.0
          ],
          [
            57,
            109,
            93,
            131,
            0.595636248588562,
            5.0
          ],
          [
            21,
            112,
            50,
            133,
            0.6101050972938538,
            6.0
          ],
          [
            165,
            107,
            204,
            136,
            0.9305508136749268,
            7.0
          ]
        ],
        "gt": [
          [
            113,
            114,
            153,
            137,
            1.0,
            4.0
          ],
          [
            55,
            114,
            94,
            137,
            1.0,
            5.0
          ],
          [
            13,
            115,
            45,
            138,
            1.0,
            6.0
          ],
          [
            164,
            110,
            201,
            137,
            1.0,
            7.0
          ]
        ],
        "ok": false
      },
      {
        "name": "f54552c5d6e34300a97200d6d7e25bd9.jpg",
        "nickname": "207.jpg",
        "pred": [
          [
            39,
            154,
            96,
            222,
            0.7500931024551392,
            1.0
          ],
          [
            107,
            67,
            157,
            141,
            0.9445048570632935,
            5.0
          ],
          [
            42,
            70,
            96,
            142,
            0.5288086533546448,
            6.0
          ]
        ],
        "gt": [
          [
            37,
            158,
            85,
            223,
            1.0,
            0.0
          ],
          [
            98,
            164,
            155,
            223,
            1.0,
            1.0
          ],
          [
            104,
            62,
            160,
            144,
            1.0,
            5.0
          ],
          [
            33,
            68,
            93,
            143,
            1.0,
            6.0
          ]
        ],
        "ok": false
      }
    ]
  }
}