<?xml version="1.0" encoding="UTF-8"?>
<annotation>
  <filename>120_67.jpg</filename>
  <size>
    <width>416</width>
    <height>277</height>
    <depth>3</depth>
  </size>
  <segmented>0</segmented>
  <object>
    <name>cat</name>
    <truncated>0</truncated>
    <difficult>0</difficult>
    <occluded>0</occluded>
    <bndbox>
      <xmin>20</xmin>
      <ymin>66</ymin>
      <xmax>179</xmax>
      <ymax>152</ymax>
    </bndbox>
  </object>
  <object>
    <name>cat</name>
    <truncated>0</truncated>
    <difficult>0</difficult>
    <occluded>0</occluded>
    <bndbox>
      <xmin>194</xmin>
      <ymin>68</ymin>
      <xmax>323</xmax>
      <ymax>160</ymax>
    </bndbox>
  </object>
</annotation>