<?xml version="1.0" encoding="UTF-8"?>
<annotation>
  <filename>12_9.jpg</filename>
  <size>
    <width>416</width>
    <height>260</height>
    <depth>3</depth>
  </size>
  <segmented>0</segmented>
  <object>
    <name>cat</name>
    <truncated>0</truncated>
    <difficult>0</difficult>
    <occluded>0</occluded>
    <bndbox>
      <xmin>204</xmin>
      <ymin>28</ymin>
      <xmax>284</xmax>
      <ymax>117</ymax>
    </bndbox>
  </object>
  <object>
    <name>cat</name>
    <truncated>0</truncated>
    <difficult>0</difficult>
    <occluded>0</occluded>
    <bndbox>
      <xmin>285</xmin>
      <ymin>20</ymin>
      <xmax>377</xmax>
      <ymax>125</ymax>
    </bndbox>
  </object>
</annotation>