<?xml version="1.0" encoding="UTF-8"?>
<annotation>
  <filename>13_19.jpg</filename>
  <size>
    <width>416</width>
    <height>321</height>
    <depth>3</depth>
  </size>
  <segmented>0</segmented>
  <object>
    <name>cat</name>
    <truncated>0</truncated>
    <difficult>0</difficult>
    <occluded>0</occluded>
    <bndbox>
      <xmin>45</xmin>
      <ymin>67</ymin>
      <xmax>224</xmax>
      <ymax>263</ymax>
    </bndbox>
  </object>
  <object>
    <name>cat</name>
    <truncated>0</truncated>
    <difficult>0</difficult>
    <occluded>0</occluded>
    <bndbox>
      <xmin>272</xmin>
      <ymin>10</ymin>
      <xmax>396</xmax>
      <ymax>132</ymax>
    </bndbox>
  </object>
</annotation>