<?xml version="1.0" encoding="UTF-8"?>
<annotation>
  <filename>29_21.jpg</filename>
  <size>
    <width>416</width>
    <height>277</height>
    <depth>3</depth>
  </size>
  <segmented>0</segmented>
  <object>
    <name>cat</name>
    <truncated>0</truncated>
    <difficult>0</difficult>
    <occluded>0</occluded>
    <bndbox>
      <xmin>181</xmin>
      <ymin>55</ymin>
      <xmax>308</xmax>
      <ymax>188</ymax>
    </bndbox>
  </object>
  <object>
    <name>cat</name>
    <truncated>0</truncated>
    <difficult>0</difficult>
    <occluded>0</occluded>
    <bndbox>
      <xmin>323</xmin>
      <ymin>69</ymin>
      <xmax>411</xmax>
      <ymax>168</ymax>
    </bndbox>
  </object>
</annotation>