<?xml version="1.0" encoding="UTF-8"?>
<annotation>
  <filename>31_22.jpg</filename>
  <size>
    <width>416</width>
    <height>277</height>
    <depth>3</depth>
  </size>
  <segmented>0</segmented>
  <object>
    <name>cat</name>
    <truncated>0</truncated>
    <difficult>0</difficult>
    <occluded>0</occluded>
    <bndbox>
      <xmin>151</xmin>
      <ymin>58</ymin>
      <xmax>261</xmax>
      <ymax>175</ymax>
    </bndbox>
  </object>
  <object>
    <name>cat</name>
    <truncated>0</truncated>
    <difficult>0</difficult>
    <occluded>0</occluded>
    <bndbox>
      <xmin>306</xmin>
      <ymin>61</ymin>
      <xmax>414</xmax>
      <ymax>167</ymax>
    </bndbox>
  </object>
</annotation>