<?xml version="1.0" encoding="UTF-8"?>
<annotation>
  <filename>371_124.jpg</filename>
  <size>
    <width>416</width>
    <height>306</height>
    <depth>3</depth>
  </size>
  <segmented>0</segmented>
  <object>
    <name>cat</name>
    <truncated>0</truncated>
    <difficult>0</difficult>
    <occluded>0</occluded>
    <bndbox>
      <xmin>85</xmin>
      <ymin>41</ymin>
      <xmax>222</xmax>
      <ymax>212</ymax>
    </bndbox>
  </object>
  <object>
    <name>cat</name>
    <truncated>0</truncated>
    <difficult>0</difficult>
    <occluded>0</occluded>
    <bndbox>
      <xmin>243</xmin>
      <ymin>49</ymin>
      <xmax>374</xmax>
      <ymax>269</ymax>
    </bndbox>
  </object>
</annotation>