<?xml version="1.0" encoding="UTF-8"?>
<annotation>
  <filename>446_136.jpg</filename>
  <size>
    <width>300</width>
    <height>416</height>
    <depth>3</depth>
  </size>
  <segmented>0</segmented>
  <object>
    <name>cat</name>
    <truncated>0</truncated>
    <difficult>0</difficult>
    <occluded>0</occluded>
    <bndbox>
      <xmin>82</xmin>
      <ymin>27</ymin>
      <xmax>219</xmax>
      <ymax>137</ymax>
    </bndbox>
  </object>
  <object>
    <name>cat</name>
    <truncated>0</truncated>
    <difficult>0</difficult>
    <occluded>0</occluded>
    <bndbox>
      <xmin>47</xmin>
      <ymin>217</ymin>
      <xmax>161</xmax>
      <ymax>323</ymax>
    </bndbox>
  </object>
</annotation>