<?xml version="1.0" encoding="UTF-8"?>
<annotation>
  <filename>45_34.jpg</filename>
  <size>
    <width>416</width>
    <height>291</height>
    <depth>3</depth>
  </size>
  <segmented>0</segmented>
  <object>
    <name>cat</name>
    <truncated>0</truncated>
    <difficult>0</difficult>
    <occluded>0</occluded>
    <bndbox>
      <xmin>199</xmin>
      <ymin>37</ymin>
      <xmax>353</xmax>
      <ymax>209</ymax>
    </bndbox>
  </object>
  <object>
    <name>cat</name>
    <truncated>0</truncated>
    <difficult>0</difficult>
    <occluded>0</occluded>
    <bndbox>
      <xmin>12</xmin>
      <ymin>71</ymin>
      <xmax>177</xmax>
      <ymax>200</ymax>
    </bndbox>
  </object>
</annotation>