<?xml version="1.0" encoding="UTF-8"?>
<annotation>
  <filename>71_50.jpg</filename>
  <size>
    <width>416</width>
    <height>276</height>
    <depth>3</depth>
  </size>
  <segmented>0</segmented>
  <object>
    <name>cat</name>
    <truncated>0</truncated>
    <difficult>0</difficult>
    <occluded>0</occluded>
    <bndbox>
      <xmin>102</xmin>
      <ymin>91</ymin>
      <xmax>167</xmax>
      <ymax>173</ymax>
    </bndbox>
  </object>
  <object>
    <name>cat</name>
    <truncated>0</truncated>
    <difficult>0</difficult>
    <occluded>0</occluded>
    <bndbox>
      <xmin>170</xmin>
      <ymin>118</ymin>
      <xmax>229</xmax>
      <ymax>180</ymax>
    </bndbox>
  </object>
  <object>
    <name>cat</name>
    <truncated>0</truncated>
    <difficult>0</difficult>
    <occluded>0</occluded>
    <bndbox>
      <xmin>275</xmin>
      <ymin>78</ymin>
      <xmax>357</xmax>
      <ymax>146</ymax>
    </bndbox>
  </object>
</annotation>